[{"DomainName": "058woorden.nl"}, {"DomainName": "112-randstad.nl"}, {"DomainName": "5decemberfeest.nl"}, {"DomainName": "aandelenstarter.nl"}, {"DomainName": "abeltravelpictures.nl"}, {"DomainName": "ablokker.nl"}, {"DomainName": "absolutelysplendid.nl"}, {"DomainName": "abuseme.nl"}, {"DomainName": "accordeon-chambery.org"}, {"DomainName": "acerflanden.nl"}, {"DomainName": "advantagemedia24.com"}, {"DomainName": "afstubo.nl"}, {"DomainName": "agilityphoto.nl"}, {"DomainName": "agrandia.nl"}, {"DomainName": "akcaygrillroom.nl"}, {"DomainName": "alacartevoedingsadvies.nl"}, {"DomainName": "algorythm.nl"}, {"DomainName": "alleenvanons.nl"}, {"DomainName": "alphenssintjournaal.nl"}, {"DomainName": "ameland-voormekaar.nl"}, {"DomainName": "amerclean.nl"}, {"DomainName": "amsterdamsepopprijs.nl"}, {"DomainName": "andrew-calsbeek.nl"}, {"DomainName": "anne-clairelans.nl"}, {"DomainName": "annettevanwijck.nl"}, {"DomainName": "anobleman.nl"}, {"DomainName": "antondgroentenenfruit.nl"}, {"DomainName": "anwbrestaurants.nl"}, {"DomainName": "aoh-amsterdam"}, {"DomainName": "appelscharadio.nl"}, {"DomainName": "appsalarissen.nl"}, {"DomainName": "aravision.nl"}, {"DomainName": "arcumnederland.nl"}, {"DomainName": "arnhemsmeisjefietst.nl"}, {"DomainName": "arrow-huurwoningen.nl"}, {"DomainName": "artonistrio.nl"}, {"DomainName": "atcreate.nl"}, {"DomainName": "ateliergerardfransen.nl"}, {"DomainName": "atletieklinks.nl"}, {"DomainName": "autorijschoolhan.nl"}, {"DomainName": "autozeelandpolis.nl"}, {"DomainName": "axima-services.nl"}, {"DomainName": "babboe-springsale.com"}, {"DomainName": "bannerburo.nl"}, {"DomainName": "bcc-amsterdam.com"}, {"DomainName": "bcc-breda.com"}, {"DomainName": "bcc-korting.com"}, {"DomainName": "bcc-rotterdam.com"}, {"DomainName": "bcc-specials.com"}, {"DomainName": "bcc-web.com"}, {"DomainName": "beachclubblm9.nl"}, {"DomainName": "beclassy.nl"}, {"DomainName": "bedandbreakfasthet-karrenwiel.nl"}, {"DomainName": "bedrijfzoektapp.nl"}, {"DomainName": "beestenvandongen.nl"}, {"DomainName": "beginnen-webshop.nl"}, {"DomainName": "beleefbaantjer.nl"}, {"DomainName": "benbperson.nl"}, {"DomainName": "bergaya.nl"}, {"DomainName": "bernrodemusical.nl"}, {"DomainName": "best2dress.nl"}, {"DomainName": "besteschoenen.nl"}, {"DomainName": "bestetvbox.com"}, {"DomainName": "betsiesbedstee.nl"}, {"DomainName": "bigbadboards.nl"}, {"DomainName": "bijbelblog.nl"}, {"DomainName": "bisdomjubileum.nl"}, {"DomainName": "bkrleen.nl"}, {"DomainName": "blackplumproductions.org"}, {"DomainName": "blijmetnaaldendraad.nl"}, {"DomainName": "blijmetstof.nl"}, {"DomainName": "bliss4you.nl"}, {"DomainName": "bmwmotorenshop.nl"}, {"DomainName": "boek7-10.nl"}, {"DomainName": "boekingz.nl"}, {"DomainName": "boelsclassic.nl"}, {"DomainName": "boerengolfvogelenzang.nl"}, {"DomainName": "bog-toernooi.nl"}, {"DomainName": "bonhofsierpleisters.nl"}, {"DomainName": "borstkankerforum.nl"}, {"DomainName": "bosveldbouw.nl"}, {"DomainName": "boulangerie1072.nl"}, {"DomainName": "bouwhuys-dordrecht.nl"}, {"DomainName": "bouwmanwonen.nl"}, {"DomainName": "brabant-psychologen.nl"}, {"DomainName": "brabantdj.nl"}, {"DomainName": "bredaduursaam.nl"}, {"DomainName": "bresserborsjevanderbaan.nl"}, {"DomainName": "broersbos.nl"}, {"DomainName": "brookpop.nl"}, {"DomainName": "buddha-thai.nl"}, {"DomainName": "budget-care.nl"}, {"DomainName": "buurtplatformwolder.nl"}, {"DomainName": "caanl.com"}, {"DomainName": "cafepiepers.nl"}, {"DomainName": "cantaclub.nl"}, {"DomainName": "carbageddon.nl"}, {"DomainName": "catcatch.nl"}, {"DomainName": "catercomments.nl"}, {"DomainName": "cattery-tynogejest.nl"}, {"DomainName": "cdtjemaken.nl"}, {"DomainName": "centrumzevenster.nl"}, {"DomainName": "cesarzuid.nl"}, {"DomainName": "christiaanveltkamp.nl"}, {"DomainName": "cironmedia.nl"}, {"DomainName": "cityhengelsport.nl"}, {"DomainName": "cleaningservicesny.com"}, {"DomainName": "clinicalevidence.nl"}, {"DomainName": "clubgodverdomme.nl"}, {"DomainName": "cmvjehovanissi.nl"}, {"DomainName": "cofashion.nl"}, {"DomainName": "compas-media.nl"}, {"DomainName": "conceptspace.nl"}, {"DomainName": "conrad-specials.com"}, {"DomainName": "creathivity.nl"}, {"DomainName": "cultuDomainNameokaalzoetermeer.nl"}, {"DomainName": "cvdeschuimhappers.nl"}, {"DomainName": "da-peppino.nl"}, {"DomainName": "dacridderhof.nl"}, {"DomainName": "dansstudiodancearts.nl"}, {"DomainName": "databeet.nl"}, {"DomainName": "debvanbavel.nl"}, {"DomainName": "decemberkalenderweert.nl"}, {"DomainName": "dedullegriet.nl"}, {"DomainName": "defaamtextiel.nl"}, {"DomainName": "defred020.nl"}, {"DomainName": "degelukkigestief.nl"}, {"DomainName": "degrenssteen.nl"}, {"DomainName": "dekemphaan-leerwerkbedrijf.nl"}, {"DomainName": "deklarelijnnijmegen.nl"}, {"DomainName": "dekrantenjongens.nl"}, {"DomainName": "delico-harderwijk.nl"}, {"DomainName": "desireemusic.nl"}, {"DomainName": "despeltherapeut.nl"}, {"DomainName": "despringbokws.nl"}, {"DomainName": "devluchtheuvelmaassluis.nl"}, {"DomainName": "devogelhoek.nl"}, {"DomainName": "dewoonstal.nl"}, {"DomainName": "dezijdenroos.nl"}, {"DomainName": "diabetenweten.nl"}, {"DomainName": "dialooginbreda.nl"}, {"DomainName": "dickyvanderwindt.nl"}, {"DomainName": "digi-design.nl"}, {"DomainName": "digimini.nl"}, {"DomainName": "digitalspot.nl"}, {"DomainName": "dionhair.nl"}, {"DomainName": "directgezond.nl"}, {"DomainName": "discusvanbloois.nl"}, {"DomainName": "disklabs.nl"}, {"DomainName": "dnmpromo.nl"}, {"DomainName": "dongehof.nl"}, {"DomainName": "dorpsbelanggendringen.nl"}, {"DomainName": "dos-leiden.nl"}, {"DomainName": "douglas-outlet.com"}, {"DomainName": "drakengloed.nl"}, {"DomainName": "dranka.nl"}, {"DomainName": "drieinvorm.nl"}, {"DomainName": "duvelvibes.nl"}, {"DomainName": "dynamarkt.com"}, {"DomainName": "eaig.nl"}, {"DomainName": "easywebcms.nl"}, {"DomainName": "eefloopt.nl"}, {"DomainName": "eemsrent.nl"}, {"DomainName": "eiburghsnacks.nl"}, {"DomainName": "elden-dekandelaar.nl"}, {"DomainName": "electronic-center.be"}, {"DomainName": "electronicadiscouter.nl"}, {"DomainName": "eliasmusicproduction.eu"}, {"DomainName": "elisqazi.nl"}, {"DomainName": "elleeggels.nl"}, {"DomainName": "embryolisse-nl.nl"}, {"DomainName": "enterall.nl"}, {"DomainName": "eqbikes.nl"}, {"DomainName": "erfgoedrijswijk.nl"}, {"DomainName": "ericakanters.nl"}, {"DomainName": "escorttijd.nl"}, {"DomainName": "espeo.nl"}, {"DomainName": "esthernienhuis.nl"}, {"DomainName": "explizit.nl"}, {"DomainName": "extreemhandig.nl"}, {"DomainName": "factuurmonitor.nl"}, {"DomainName": "faillissementoutlet.nl"}, {"DomainName": "familiefolkerts.nl"}, {"DomainName": "familiesteeman.nl"}, {"DomainName": "fantasyboy.nl"}, {"DomainName": "fcbarcelonarealmadrid.nl"}, {"DomainName": "feiketervelde.nl"}, {"DomainName": "festivalaandemaas.nl"}, {"DomainName": "fgadvocaten.nl"}, {"DomainName": "fijn-om-te-zijn.nl"}, {"DomainName": "filmclubzutphen.nl"}, {"DomainName": "firmakoek.nl"}, {"DomainName": "floorcleaningzuid.nl"}, {"DomainName": "flow-amsterdam.nl"}, {"DomainName": "freakrunnermedia.nl"}, {"DomainName": "freezycraft.nl"}, {"DomainName": "frismarketingadvies.nl"}, {"DomainName": "fstarmedia.nl"}, {"DomainName": "fuotstap.nl"}, {"DomainName": "fysioparkstad.nl"}, {"DomainName": "garageverhaegh.nl"}, {"DomainName": "gardenfest.nl"}, {"DomainName": "gemeente-westland.nl"}, {"DomainName": "gentekwekers.nl"}, {"DomainName": "gerardtops.nl"}, {"DomainName": "gerdjanenmaarten.nl"}, {"DomainName": "gerilja.nl"}, {"DomainName": "geronbelettering.nl"}, {"DomainName": "gert-janbosman.nl"}, {"DomainName": "getintouchgroup.nl"}, {"DomainName": "gezondheidsdagen.nl"}, {"DomainName": "ghendriksen.nl"}, {"DomainName": "glimzyoDomainNameife.nl"}, {"DomainName": "gobodeco.nl"}, {"DomainName": "goedkoopnikes.nl"}, {"DomainName": "goedmerkondergoed.nl"}, {"DomainName": "gogreenshop.nl"}, {"DomainName": "gpsdokter.nl"}, {"DomainName": "greenfeelings.nl"}, {"DomainName": "greenfeet.nl"}, {"DomainName": "greenportbetuwsebloem.nl"}, {"DomainName": "groenlinksooststellingwerf.nl"}, {"DomainName": "groenstichting-eteam.nl"}, {"DomainName": "gtglas.nl"}, {"DomainName": "haarlemrozestad.nl"}, {"DomainName": "hailtothechief.nl"}, {"DomainName": "halinbeweging.nl"}, {"DomainName": "handigeapptips.nl"}, {"DomainName": "hansengrietzuivel.nl"}, {"DomainName": "hanzelab.nl"}, {"DomainName": "harberspaul.nl"}, {"DomainName": "hasconsultancy.nl"}, {"DomainName": "hathayogaamersfoort.nl"}, {"DomainName": "heart4cooking.nl"}, {"DomainName": "hecotechniek.nl"}, {"DomainName": "heerenveen-flyers.nl"}, {"DomainName": "henimode.nl"}, {"DomainName": "henkvanhemert.nl"}, {"DomainName": "hetconfituurpotje.be"}, {"DomainName": "hethandigehobbyhuis.nl"}, {"DomainName": "hetwolpaleis.nll"}, {"DomainName": "hiertrekikmijngrens.nl"}, {"DomainName": "hisdairy.nl"}, {"DomainName": "hitassen.nl"}, {"DomainName": "hofvancranendonck.nl"}, {"DomainName": "hogeboeschoterweg90.nl"}, {"DomainName": "hokahpaleis.nl"}, {"DomainName": "holgeriaans.nl"}, {"DomainName": "homanhost.nl"}, {"DomainName": "hondenkapsalonmirjamdam.nl"}, {"DomainName": "hsp-deprikkel.nl"}, {"DomainName": "huizerodenburg.nl"}, {"DomainName": "hulp-bij-opvoeden.nl"}, {"DomainName": "hulst-communicatie.nl"}, {"DomainName": "humanitasharen.nl"}, {"DomainName": "husmoontje.nl"}, {"DomainName": "huurio.nl"}, {"DomainName": "huurius.nl"}, {"DomainName": "huurstrada.nl"}, {"DomainName": "huurwoningburg.nl"}, {"DomainName": "i-do-i-dance.nl"}, {"DomainName": "idema-stukadoor.nl"}, {"DomainName": "ijburgbusinessclub.nl"}, {"DomainName": "ikbeneeneuroshopper.nl"}, {"DomainName": "imd-websolutions.nl"}, {"DomainName": "in-verwachting.nl"}, {"DomainName": "inkyenzo.nl"}, {"DomainName": "inner-life.nl"}, {"DomainName": "innerlijk-kind.nl"}, {"DomainName": "innovatiecentrumvenlo.nl"}, {"DomainName": "instant-communicatie.nl"}, {"DomainName": "integralhrd.nl"}, {"DomainName": "internetbuttons.nl"}, {"DomainName": "inzicht-anjadeboer.nl"}, {"DomainName": "iqbiz.nl"}, {"DomainName": "isneakershop.net"}, {"DomainName": "jacketnl.co"}, {"DomainName": "jacketshopnl.com"}, {"DomainName": "jamsautomaterialen.nl"}, {"DomainName": "janinemutsaerts-tcf.nl"}, {"DomainName": "jannamediation.nl"}, {"DomainName": "jantullemans.nl"}, {"DomainName": "jeannettezuidema.nl"}, {"DomainName": "jeeigenstek.nl"}, {"DomainName": "jelmerrr.nl"}, {"DomainName": "jenaplanschool-tvlot.nl"}, {"DomainName": "jennywesly.nl"}, {"DomainName": "jetmattiesing.nl"}, {"DomainName": "jmcongresachterhoek.nl"}, {"DomainName": "joanofarts.nl"}, {"DomainName": "jockular.nl"}, {"DomainName": "joppeluiten.nl"}, {"DomainName": "jort-spanjer.nl"}, {"DomainName": "jtf-mega-discount.com"}, {"DomainName": "jufkok.nl"}, {"DomainName": "justasimpleview.nl"}, {"DomainName": "justlikeliek.nl"}, {"DomainName": "kaarsenkunst.nl"}, {"DomainName": "kamphuisrijwielen.nl"}, {"DomainName": "kapperdirect.nl"}, {"DomainName": "kapsalonjurrie.nl"}, {"DomainName": "kasprzakhusky.nl"}, {"DomainName": "kastenmade.nl"}, {"DomainName": "kattenkoppies.nl"}, {"DomainName": "keikharlingen.nl"}, {"DomainName": "keizersgracht18.nl"}, {"DomainName": "keukenstudioeerbeek.nl"}, {"DomainName": "kikkerheeftdeblues.nl"}, {"DomainName": "kinderopvang-duinrakkers.nl"}, {"DomainName": "kingdiscounter.com"}, {"DomainName": "kjvs.nl"}, {"DomainName": "klantenne.nl"}, {"DomainName": "kleurenimago.nl"}, {"DomainName": "klimaatark.nl"}, {"DomainName": "koeienmarkt.nl"}, {"DomainName": "kokkepel.nl"}, {"DomainName": "komplett-aanbieding.com"}, {"DomainName": "komplettbenelux.com"}, {"DomainName": "kostlow.nl"}, {"DomainName": "kowbedaux.nl"}, {"DomainName": "kragemaker.nl"}, {"DomainName": "krisiz.nl"}, {"DomainName": "kristadesign.nl"}, {"DomainName": "kritischestudentenamsterdam.nl"}, {"DomainName": "kritzraedt.nl"}, {"DomainName": "kunstuitleenvelsen.nl"}, {"DomainName": "l21.nl"}, {"DomainName": "laarzenwinkels.cn"}, {"DomainName": "lakilaki.nl"}, {"DomainName": "landbouweconomischbericht.nl"}, {"DomainName": "landbroezers.nl"}, {"DomainName": "langlevedewijn.nl"}, {"DomainName": "larikoek.nl"}, {"DomainName": "le-z.nl"}, {"DomainName": "leeuwebekkers.nl"}, {"DomainName": "leontemmink.nl"}, {"DomainName": "letsgetstartedlexmond.nl"}, {"DomainName": "leukecasinos.nl"}, {"DomainName": "lgoptimusg.nl"}, {"DomainName": "lindavanmarrewijk.nl"}, {"DomainName": "linkwcs.nl"}, {"DomainName": "lionsdenantiques.com"}, {"DomainName": "livingitlive.nl"}, {"DomainName": "logeerdownunder.nl"}, {"DomainName": "logementsaintnicolas.be"}, {"DomainName": "lokaaleten.nl"}, {"DomainName": "lollipom.nl"}, {"DomainName": "lomanscoaching.nl"}, {"DomainName": "lookinggood-volendam.nl"}, {"DomainName": "looksbykelsey.nl"}, {"DomainName": "loopvoorkika.nl"}, {"DomainName": "ltbjeansdames.nl"}, {"DomainName": "luxity.nl"}, {"DomainName": "m-ediaexpress.com"}, {"DomainName": "maaikenails.nl"}, {"DomainName": "mabo-openhaarden.nl"}, {"DomainName": "magentagrafimedia.nl"}, {"DomainName": "magiecraft.nl"}, {"DomainName": "maisbank.nl"}, {"DomainName": "makeamoveassen.nl"}, {"DomainName": "makelaarscampagne.nl"}, {"DomainName": "manonvalken.nl"}, {"DomainName": "manuelajohanna.nl"}, {"DomainName": "marcelott.nl"}, {"DomainName": "markhellendoorn.nl"}, {"DomainName": "marton-bmx.nl"}, {"DomainName": "mbt-schoenen.nl"}, {"DomainName": "mdezignz.nl"}, {"DomainName": "medianza.com"}, {"DomainName": "meesterpraktijk.nl"}, {"DomainName": "melissascharroo.nl"}, {"DomainName": "memusica.nl"}, {"DomainName": "meporextrading.com"}, {"DomainName": "merkshoppen.nl"}, {"DomainName": "microonda.nl"}, {"DomainName": "middel-land.nl"}, {"DomainName": "mijkecoebergh.nl"}, {"DomainName": "mijnkameraadje.nl"}, {"DomainName": "mimiweb.nl"}, {"DomainName": "minderozb.nl"}, {"DomainName": "misha-decoraties.nl"}, {"DomainName": "missie-inc.nl"}, {"DomainName": "molenjanvanarkel.nl"}, {"DomainName": "monitoringstroomgebieden.nl"}, {"DomainName": "mooisaandemuur.nl"}, {"DomainName": "mr-engineering.nl"}, {"DomainName": "muziek-tube.nl"}, {"DomainName": "mvbfoto.nl"}, {"DomainName": "myboot.store"}, {"DomainName": "mygreenegg.nl"}, {"DomainName": "naaienenzo.nl"}, {"DomainName": "nationalereisvraag.nl"}, {"DomainName": "ndeo.nl"}, {"DomainName": "neckerman.shop"}, {"DomainName": "neckermanshop.com"}, {"DomainName": "neworleansgroningen.nl"}, {"DomainName": "ngvafdelingen.nl"}, {"DomainName": "nickenpieter.nl"}, {"DomainName": "nieuwpoelenburg.nl"}, {"DomainName": "nijsljochter.nl"}, {"DomainName": "nikehakken.nl"}, {"DomainName": "nimbintelevision.net"}, {"DomainName": "nkeerwatandersfanclub.nl"}, {"DomainName": "no-limitssports.nl"}, {"DomainName": "noordhoeksnieuws.nl"}, {"DomainName": "northmusicholland.nl"}, {"DomainName": "nuaandemuur.nl"}, {"DomainName": "nubijtanken.nl"}, {"DomainName": "nuderestnog.nl"}, {"DomainName": "obs-janbiersma.nl"}, {"DomainName": "ofsiteworks.nl"}, {"DomainName": "oliveadventure.nl"}, {"DomainName": "onderdelindenbaarn.nl"}, {"DomainName": "onderhoudsbedrijfbrug.nl"}, {"DomainName": "ondernemen-in-cuijk.nl"}, {"DomainName": "online-apotheker.net"}, {"DomainName": "oosteindpapendrecht.nl"}, {"DomainName": "opusdesoul.nl"}, {"DomainName": "organisatiebureaufcgroningen.nl"}, {"DomainName": "organizagency.com"}, {"DomainName": "otra-rotterdam.nl"}, {"DomainName": "overnarnia.nl"}, {"DomainName": "oxbowkleding.nl"}, {"DomainName": "p-anbergen.com"}, {"DomainName": "paardenstijl.nl"}, {"DomainName": "pambeautysalon.nl"}, {"DomainName": "parajumpersnederlands.com"}, {"DomainName": "partythuisservice.nl"}, {"DomainName": "partyverhuurshop-blit.nl"}, {"DomainName": "pastimmer.nl"}, {"DomainName": "pauwnieuws.nl"}, {"DomainName": "paviljoenamigo.nl"}, {"DomainName": "paxxede.nl"}, {"DomainName": "pay2-d.info"}, {"DomainName": "pay2d.info"}, {"DomainName": "pennyworth.nl"}, {"DomainName": "pensionappingedam.nl"}, {"DomainName": "peterkamminga.nl"}, {"DomainName": "pgct.nl"}, {"DomainName": "photo30.nl"}, {"DomainName": "pijffersrijssen.nl"}, {"DomainName": "pinkprincess.nl"}, {"DomainName": "plasopmij.nl"}, {"DomainName": "plug-in-housing.nl"}, {"DomainName": "pmc-debrug.nl"}, {"DomainName": "polikindermishandeling.nl"}, {"DomainName": "polisnu.nl"}, {"DomainName": "praktijklooxs.nl"}, {"DomainName": "prijshethuis.nl"}, {"DomainName": "prodesko.nl"}, {"DomainName": "profex-c.nl"}, {"DomainName": "ps4store.nl"}, {"DomainName": "pszde-eekhoorn.nl"}, {"DomainName": "pszdelusthof.nl"}, {"DomainName": "puberfact.nl"}, {"DomainName": "puur-bb.nl"}, {"DomainName": "pvdu.nl"}, {"DomainName": "q-smart-life.nl"}, {"DomainName": "qt-test.nl"}, {"DomainName": "quantumtheory.nl"}, {"DomainName": "racingteam-peanuts.nl"}, {"DomainName": "raedsheeren.nl"}, {"DomainName": "rakebackclub.nl"}, {"DomainName": "realestate-waardenburg.nl"}, {"DomainName": "rebuy-online.com"}, {"DomainName": "rebuygamers.com"}, {"DomainName": "receptenvoordeziel.nl"}, {"DomainName": "reja-sport.nl"}, {"DomainName": "ritakok.nl"}, {"DomainName": "roibusinesspartner.nl"}, {"DomainName": "romidoki.nl"}, {"DomainName": "rootlessmusic.nl"}, {"DomainName": "rtm-info.nl"}, {"DomainName": "ryannemassagetherapie.nl"}, {"DomainName": "salonlaurent.nl"}, {"DomainName": "savasraalte.nl"}, {"DomainName": "sbodewatertuin.nl"}, {"DomainName": "schildersbedrijfvanegteren.nl"}, {"DomainName": "schoenen2017.com"}, {"DomainName": "schoenenkicks.nl"}, {"DomainName": "schoenenonlinenederland.nl"}, {"DomainName": "schoorlsgemengdkoor.nl"}, {"DomainName": "schottnederland.nl"}, {"DomainName": "schroefkurk.nl"}, {"DomainName": "securitycity.nl"}, {"DomainName": "senbactief.nl"}, {"DomainName": "seniorenraad-arnhem.nl"}, {"DomainName": "seniorenwezepoldebroek.nl"}, {"DomainName": "sensationcheese.nl"}, {"DomainName": "servro.nl"}, {"DomainName": "sfeervollestadswoning.nl"}, {"DomainName": "shirley-schomaker.nl"}, {"DomainName": "showmodellen.com"}, {"DomainName": "simyo-discount.com"}, {"DomainName": "simyo-nederland.com"}, {"DomainName": "simyo-web.com"}, {"DomainName": "sirismindfulness.nl"}, {"DomainName": "siteviews.nl"}, {"DomainName": "sjablonenshop.nl"}, {"DomainName": "skuitekloeters.nl"}, {"DomainName": "skylineleiden.nl"}, {"DomainName": "slagerijwillemaling.nl"}, {"DomainName": "slimmerbloggen.nl"}, {"DomainName": "slubie.nl"}, {"DomainName": "smaragdamsterdam.nl"}, {"DomainName": "smartvipshop.com"}, {"DomainName": "sneakerstown.nl"}, {"DomainName": "snelslankstudio.nl"}, {"DomainName": "snelverstandskiestrekken.nl"}, {"DomainName": "socialitepr.nl"}, {"DomainName": "spartaforum.nl"}, {"DomainName": "speelgoedbanknieuwegein.nl"}, {"DomainName": "speerpuntict.nl"}, {"DomainName": "speulhoes.nl"}, {"DomainName": "spinmasters.nl"}, {"DomainName": "spiritsbv.nl"}, {"DomainName": "spoorinfo.nl"}, {"DomainName": "spoorzreno.nl"}, {"DomainName": "stalhouderijmartinbakker.nl"}, {"DomainName": "startsuccesvol.nl"}, {"DomainName": "stay-forward.nl"}, {"DomainName": "stemmenpoliumcutrecht"}, {"DomainName": "stertalentcoaching.nl"}, {"DomainName": "sterzlmtoertocht.nl"}, {"DomainName": "stichting-gesp.nl"}, {"DomainName": "stichtingnok.nl"}, {"DomainName": "stichtingweyu.nl"}, {"DomainName": "stoneislandnl.com"}, {"DomainName": "stopdestress.nl"}, {"DomainName": "stroomkoning.nl"}, {"DomainName": "studiegroepciaran.nl"}, {"DomainName": "studioivorosbeek.nl"}, {"DomainName": "studioparijsch.nl"}, {"DomainName": "stylingstudionu.nl"}, {"DomainName": "subwayede.nl"}, {"DomainName": "sugoopsterland.nl"}, {"DomainName": "switi-on-tour.nl"}, {"DomainName": "taschas.nl"}, {"DomainName": "taxandriapilots.nl"}, {"DomainName": "taxiordelman.nl"}, {"DomainName": "tazoyma.nl"}, {"DomainName": "teamnumansdorp.nl"}, {"DomainName": "technika10groningen.nl"}, {"DomainName": "tegelenbad.nl"}, {"DomainName": "tenntucky.com"}, {"DomainName": "testzwanger.nl"}, {"DomainName": "the-ledge.nl"}, {"DomainName": "thesneakercity.eu"}, {"DomainName": "thorbeckegrachtfestival.nl"}, {"DomainName": "thriftsandgifts.nl"}, {"DomainName": "thtwegermee.nl"}, {"DomainName": "thuisaandewaterkant.nl"}, {"DomainName": "thuisingouda.nl"}, {"DomainName": "thujamassages.nl"}, {"DomainName": "tikvoetbal.nl"}, {"DomainName": "tilburgfoodstory.nl"}, {"DomainName": "timmerbedrijf-allround.nl"}, {"DomainName": "timterra.nl"}, {"DomainName": "tinezrootsclub.nl"}, {"DomainName": "tlekkersteveske.nl"}, {"DomainName": "tobiaskarsten.nl"}, {"DomainName": "tomreijnders.nl"}, {"DomainName": "topgoedkoop.net"}, {"DomainName": "tradinsaasesores.com"}, {"DomainName": "trainahead.nl"}, {"DomainName": "trespack.nl"}, {"DomainName": "trevindavidband.nl"}, {"DomainName": "triangulatie.nl"}, {"DomainName": "triasvmbotechniek.nl"}, {"DomainName": "trigenum.nl"}, {"DomainName": "ttvervoersservice.nl"}, {"DomainName": "tuinsurtuin.nl"}, {"DomainName": "uitgeverijdodo.nl"}, {"DomainName": "uitgeverijstanza.nl"}, {"DomainName": "uitraalte.nl"}, {"DomainName": "undergroundmv.com"}, {"DomainName": "urbanborn.eu"}, {"DomainName": "urbanlabalmere.nl"}, {"DomainName": "uwschoenmakerdave.nl"}, {"DomainName": "v2g.nl"}, {"DomainName": "valentinedelft.nl"}, {"DomainName": "vanhalemmode.nl"}, {"DomainName": "vanpoptafototgrafie.nl"}, {"DomainName": "vanreenenwaterwonen.nl"}, {"DomainName": "vansteinhr.nl"}, {"DomainName": "vantilborginterieurs.nl"}, {"DomainName": "vanzuureninterieurbouw.nl"}, {"DomainName": "varenmetbas.nl"}, {"DomainName": "vdhmobility.nl"}, {"DomainName": "vdwadministratie.nl"}, {"DomainName": "vennebosstud.nl"}, {"DomainName": "verhalenmeteenhart.nl"}, {"DomainName": "verkeersschooldiamond.nl"}, {"DomainName": "veron-a11.nl"}, {"DomainName": "vierwindingen.nl"}, {"DomainName": "vijfineen.nl"}, {"DomainName": "vindiqvoordeel.nl"}, {"DomainName": "vinkgrondverzet.nl"}, {"DomainName": "vioranjegemist.nl"}, {"DomainName": "viviennewestwood.nl"}, {"DomainName": "vlonderweide.nl"}, {"DomainName": "voctandem.nl"}, {"DomainName": "voelbalshirt-nl.com"}, {"DomainName": "volleybal-rso.nl"}, {"DomainName": "voordeallerkleinste.nl"}, {"DomainName": "vormcleven.nl"}, {"DomainName": "vpcs.nl"}, {"DomainName": "wachoviawinds.org"}, {"DomainName": "watdoeiknaschool.nl"}, {"DomainName": "wbeheumennijmegen.nl"}, {"DomainName": "wcrmarketing.nl"}, {"DomainName": "webbem.nl"}, {"DomainName": "webdekempen.nl"}, {"DomainName": "website4.nl"}, {"DomainName": "wendyschrijver.nl"}, {"DomainName": "werealestate.nl"}, {"DomainName": "wereldwinkel-overschie.nl"}, {"DomainName": "werkconferentienatuDomainNameijkkapitaal.nl"}, {"DomainName": "wernerbraun.nl"}, {"DomainName": "westfriesekerken.nl"}, {"DomainName": "wetenschappelijkafvallen.nl"}, {"DomainName": "wibenaheerd-online.nl"}, {"DomainName": "wijnandgeraerts.nl"}, {"DomainName": "wijzijnoudewater.nl"}, {"DomainName": "winkeljas.nl"}, {"DomainName": "witgoedmedia.nl"}, {"DomainName": "witteballonsutrecht.nl"}, {"DomainName": "wittezeiltjes.nl"}, {"DomainName": "wmo-groningen.nl"}, {"DomainName": "wmoraad-nieuwegein.nl"}, {"DomainName": "wokchasse.nl"}, {"DomainName": "wonderfulwedding.nl"}, {"DomainName": "woneninelta.nl"}, {"DomainName": "woneninhetwatermerk.nl"}, {"DomainName": "wspzeewijk.nl"}, {"DomainName": "wswraadamsterdam.nl"}, {"DomainName": "wvmarken.nl"}, {"DomainName": "xandecs.nl"}, {"DomainName": "xxsell.nl"}, {"DomainName": "yamasaki-japans.nl"}, {"DomainName": "yormit.nl"}, {"DomainName": "yummietaartjes.nl"}, {"DomainName": "zaaldezon.nl"}, {"DomainName": "zaanhof.nl"}, {"DomainName": "zandvoortadventures.nl"}, {"DomainName": "zelfbouwblok59.nl"}, {"DomainName": "zijdebloemdecoratie.nl"}, {"DomainName": "ziltehoftas.nl"}, {"DomainName": "zomerhuisschipper.nl"}, {"DomainName": "zonneklank.nl"}, {"DomainName": "zorgvakantieplus.nl"}, {"DomainName": "zusenzoatyours.nl"}, {"DomainName": "zyflux.nl"}]